id,created_at,article,name,price,category_id,description,image_url,is_active
1,2026-09-17 18:08:48.404272+00,00099,Руны Споры грибов - 27 шт.,10000.00,1,Набор из 27 рун с дизайном споры грибов,"https://sun9-10.vkuserphoto.ru/s/v1/ig2/bcN4LKqk7IqmHcwhNRdpOptb8ZFsTOpp21vxP-i0r8uUIB95ATFCabhjDVratTo_6Vkm19pRyJ-vfVsYcQLs1Q5C.jpg?quality=95&as=32x14,48x22,72x32,108x49,160x72,240x108,360x162,480x216,540x243,640x287,720x323,1080x485,1280x575,1440x647,2560x1150&from=bu&cs=2560x0",true
2,2026-09-17 18:08:48.404272+00,00098,Руны карамельки - Серый+Красный - 27 шт.,8000.00,1,Набор из 27 рун в карамельных цветах,"https://sun9-16.vkuserphoto.ru/s/v1/ig2/V84HYQ9l07w2Mx3ik3fMgv2b5AHBdjDFPXErRwW2ll1RohM7q8SVSuwm_g8julS09Rw5O4HjKb6axiIvTcwu7R2F.jpg?quality=95&as=32x14,48x22,72x32,108x49,160x72,240x108,360x162,480x216,540x243,640x287,720x323,1080x485,1280x575,1440x647,2560x1150&from=bu&cs=1280x0",true
3,2026-09-17 18:08:48.404272+00,00097,Руны хамелеоны - два цвета - 27 шт.,9500.00,1,Набор из 27 рун с эффектом хамелеона,"https://sun9-88.vkuserphoto.ru/s/v1/ig2/8VfT_0DxBr5TEdFdhCdxoHWBCAslcGth6usAXHubM7SWqekk2ySc9-KnG06TzKayITiyGTZg6r-VzLN3gUSShDkG.jpg?quality=95&as=32x14,48x22,72x32,108x49,160x72,240x108,360x162,480x216,540x243,640x287,720x323,1080x485,1280x575,1440x647,2560x1150&from=bu&u=YIVTkwb74yH7uctrBcqITCpTvXuY5eCr2ZZNOS0wLhY&cs=1280x0",true
4,2026-09-17 18:08:48.404272+00,10000,Фетровый брелок с минималистичным дизайном,700.00,2,Минималистичный фетровый брелок,"https://sun9-1.vkuserphoto.ru/s/v1/ig2/KhNcrQvDkma_yglKo4qntjFVnrVmEXniVcif1dirCaB74Sz6fdxA8NXsfUFLU7m8QQUUqI2Yv_qjBRDXU8uJ4M0O.jpg?quality=95&as=32x64,48x96,72x144,108x216,160x320,240x480,360x720,480x960,540x1080,640x1280,720x1440,1080x2160&from=bu&u=XsPpOgIXpw6hvLqZ81DPolIE5VveOLJuA-IADCThf2M&cs=1080x0",true
5,2026-09-17 18:08:48.404272+00,10001,Фетровый брелок Twenty One Pilots,700.00,2,Брелок в стиле Twenty One Pilots,"https://sun9-55.vkuserphoto.ru/s/v1/ig2/wVTRYOFiOLQ6fSZ_lEy2zqHhpRD3dadFNZOs7QF1IqRhV4i5vK-caQEt8nXjXxzTojyZftlTDa_TYro_NusgVP6l.jpg?quality=95&as=32x32,48x48,72x72,108x108,160x160,240x239,360x359,480x479,540x539,640x638,720x718,1080x1077,1280x1277,1440x1437,2080x2075&from=bu&u=y-3LjhWPjfhUVymHqXRuG-MW38Eugogs4Ygfc-AdVUM&cs=1280x0",true
6,2026-09-17 18:08:48.404272+00,10002,Лягушонок - Фетровый брелок,700.00,2,Милый фетровый брелок лягушонок,"https://sun9-35.vkuserphoto.ru/s/v1/ig2/bViXKwyV_WKLiyZG10MBCBYZSXbTUGYaucwGHtbasxEy-Bbz6nBbxXHKscNwM-P2m2vDOa2RevVx1MmHuS1v0V52.jpg?quality=95&as=32x32,48x48,72x72,108x108,160x160,240x240,360x359,480x479,540x539,640x639,720x719,1080x1078,1280x1278,1440x1437,2080x2076&from=bu&u=lSttwmmApLWEutmNrPEmaHPUHHlwwA0oFZHo1RTSfgI&cs=540x0",true
7,2026-09-17 18:08:48.404272+00,10003,I ❤ U - Фетровый брелок,700.00,2,Фетровый брелок с сердечком,"https://sun9-20.vkuserphoto.ru/s/v1/ig2/nG0uQ3890m6w2dPyOaOMqWkPCwv5bTtoLx3VrNgxKF00dUWE3mj70mK3MTMz9afKKhnyJtP2YqMbfZtJDE4gtuOY.jpg?quality=95&as=32x32,48x48,72x72,108x108,160x160,240x240,360x360,480x480,540x539,640x639,720x719,1080x1079,1280x1279,1440x1439,2080x2078&from=bu&u=6H1fjuD_34fJ1GEqI6IZMVggdg0zQB86w9VKYjEfHCQ&cs=540x0",true
8,2026-09-17 18:08:48.404272+00,10004,Котенок? - Фетровый брелок,700.00,2,Фетровый брелок котенок,"https://sun9-77.vkuserphoto.ru/s/v1/ig2/5jQ7fYO_1IGAoXYmgoy7s-y7pzJN_WDEUbX6gRjUj0byz5e_eWTVXtaebJHdzOyy6HiIEgpGcsbHzcwEv9jkCKuC.jpg?quality=95&as=32x32,48x48,72x72,108x108,160x160,240x240,360x359,480x479,540x539,640x639,720x719,1080x1078,1280x1278,1440x1437,2080x2076&from=bu&u=D9aGleRAz-Z026Ah0ocElkLwPxoGrSh2NNraCPArAqM&cs=540x0",true
9,2026-09-17 18:08:48.404272+00,10005,Небесное око - Фетровый брелок,700.00,2,Мистический фетровый брелок,"https://sun9-57.vkuserphoto.ru/s/v1/ig2/SJGZ0Kkw_FMCX5uVfUAOtTBNWziUrbXnEJQzzjBXD7QxyfNI27sZ8fCBuJ8X0OMg5ku-srBsnH8TQzJgAMJbVsbv.jpg?quality=95&as=32x32,48x48,72x72,108x108,160x160,240x239,360x359,480x479,540x539,640x638,720x718,1080x1077,1280x1277,1440x1437,2080x2075&from=bu&u=jLlPRVZ4THXvm0FL9Pv1r_f7rTzOqhPRstIoR4cQxcM&cs=540x0",true
10,2026-09-17 18:08:48.404272+00,10006,Восход в горах - Фетровый брелок,700.00,2,Пейзажный фетровый брелок,"https://sun9-31.vkuserphoto.ru/s/v1/ig2/6DsbPgXBh0HQGAuqj5rtgoXI-_Y-FtVBPr0GhkVp1amLjbCom100d6Zf0GGlJ9O_UtVP_uZZSApX7mT1uHVZ8_e3.jpg?quality=95&as=32x64,48x96,72x144,108x216,160x320,240x480,360x720,480x960,540x1080,640x1280,720x1440,1080x2160&from=bu&u=61WtFJtcCrI7szYi1hJTo0TVmmxNs4tvLmOYIcxZT7A&cs=540x0",true
11,2026-09-17 18:08:48.404272+00,10007,Медитация - Фетровый брелок,700.00,2,Фетровый брелок для медитации,"https://sun9-80.vkuserphoto.ru/s/v1/ig2/T2qDwQcUzrmMAug2eUzMSwB8d3NRwFfgF5UVybhMi2O8oxelQcCfdelUEYE55RhbUY_b7hFeC99rPajciHj4kT1_.jpg?quality=95&as=32x32,48x48,72x72,108x108,160x160,240x240,360x360,480x480,540x540,640x640,720x720,1080x1079,1280x1279,1440x1439,2080x2079&from=bu&u=EQlmEkMtZMcWXt6UMHqLDk6wSw0kIHYLkjO4Lo2GqG4&cs=540x0",true
12,2026-09-17 18:08:48.404272+00,20001,Фетровый человечек,2500.00,3,Человечек из фетра ручной работы,"https://sun9-9.vkuserphoto.ru/s/v1/ig2/lUleNmE55tMd9hrjstMuDdkLsE5MtPtMGGd8QoY0M8SDUiOwNsFpQ7LrK3YvLr7Ir9rxS3cUDuNbfKXrcUmI61Ir.jpg?quality=95&as=32x32,48x48,72x72,108x108,160x160,240x240,360x360,480x480,540x540,640x640,720x720,1040x1040&from=bu&u=z6XYUkne2qgbdql3k06c6mx6skY9VoMm0d-psKxhdnE&cs=540x0",true
13,2026-09-17 18:08:48.404272+00,20002,Фетровая кукла с одеждой в комплекте,5000.00,3,Кукла из фетра с комплектом одежды,"https://sun9-82.vkuserphoto.ru/s/v1/ig2/WKWfSZvUcqXPiyWVEYJruARPSgJdDWshJxq8dVMDR1MEBNXOkMkGdsjnb8PoT-H7zAKnteXzJ4yGP_Jf1rfyiYQ4.jpg?quality=95&as=32x43,48x65,72x97,108x145,160x215,240x323,360x484,480x646,540x726,640x861,720x968,1080x1453,1280x1722,1440x1937,1840x2475&from=bu&u=FNneQdn7A1CKHy1UWjOjRnugymqX5yHTFSFDWM9u-pQ&cs=540x0",true
14,2026-09-17 18:08:48.404272+00,30001,Кулон Чистое сияние из эпоксидной смолы,800.00,4,Прозрачный сияющий кулон,"https://sun9-78.vkuserphoto.ru/s/v1/ig2/2ZWnsWY1Ae9NgAOe1IxzBCoiHXJ-a0LX5kjGSH9gFISzX1iAifiRm185mnsI1kmpNadDmNfz6nH6jWUnKt-KMNpV.jpg?quality=95&as=32x32,48x48,72x72,108x108,160x160,240x240,360x361,480x481,540x541,640x641,720x721,1080x1082,1280x1282,1440x1443,2076x2080&from=bu&u=nXj0GWCql-XqokvV4u_y9AhEAFZaf9NAEpfBqZfMoo0&cs=540x0",true
15,2026-09-17 18:08:48.404272+00,30002,Кулон Пятицветие из эпоксидной смолы,1800.00,4,Пятицветный кулон,"https://sun9-23.vkuserphoto.ru/s/v1/ig2/yH44qTM4Zt7_bHJUcgEWBvcNB0P9kuit-Gd13z_bp80kb8aQDrqkvmOx6mR88HCiqbMS_Wca4-2q-f-fApBXgUlu.jpg?quality=95&as=32x32,48x48,72x72,108x108,160x160,240x240,360x359,480x479,540x539,640x639,720x719,1080x1078,1280x1278,1440x1437,2080x2076&from=bu&u=m9UXR3GtCL_hOaLGwuujRl_MUngiB7wWWtNi2TTaCSc&cs=540x0",true
16,2026-09-17 18:08:48.404272+00,30003,Кулоны Взгляд сверху вниз из эпоксидной смолы,1000.00,4,Кулон с абстрактным дизайном,"https://sun9-41.vkuserphoto.ru/s/v1/ig2/RqnHsRm5Y8YYpWexw0tLx_SuChbOgcd-gGML9rRS_CJFGJEexEtAxWsr7sMK36wa1yByXMmZ6Afxe1P6FG1qqjHu.jpg?quality=95&as=32x32,48x48,72x72,108x108,160x160,240x239,360x359,480x479,540x539,640x638,720x718,1080x1077,1280x1277,1440x1437,2080x2075&from=bu&u=hDDakqPIAEDjYniS9Qmb2rAu5NLqemzoJHLHX5ckWAM&cs=540x0",true
17,2026-09-17 18:08:48.404272+00,30004,Кулон Золотая монета из эпоксидной смолы,500.00,4,Кулон с золотой монетой,"https://sun9-12.vkuserphoto.ru/s/v1/ig2/zVkawhTlIzduaXaJBWGnLMBkQWMiuxSGsXs2U578jeaxrxRN6bjGV9-aXZTjtTRic_SbW78H7G34c6NvjvyO2r_c.jpg?quality=95&as=32x32,48x48,72x72,108x108,160x160,240x240,360x361,480x481,540x541,640x641,720x721,1080x1082,1280x1282,1440x1443,2076x2080&from=bu&u=EUvOxJFU6VSEuhadqCxKIEO5eeqje4kEmI_Vv43rVfc&cs=540x0",true
18,2026-09-17 18:08:48.404272+00,30005,Кулон Тропический жираф из эпоксидной смолы,1000.00,4,Кулон с тропическим жирафом,"https://sun9-77.vkuserphoto.ru/s/v1/ig2/Xu4gUKZdaenOzAxzlkVKHGqcN4bOpHgsBQzmW3RfpEz1XJqkS1vmHH-JZF3uWycMl2I2UO2Lxi6pHEqQACMgZRe6.jpg?quality=95&as=32x32,48x48,72x72,108x108,160x160,240x240,360x360,480x480,540x540,640x640,720x720,1080x1080,1280x1280,1440x1440,1779x1779&from=bu&u=Q5izclXZy99ICsOLEzXSEIdURZN8F51PTPSor-0t5mY&cs=540x0",true
19,2026-09-17 18:08:48.404272+00,30006,Кулон Ты мой пазл из эпоксидной смолы,500.00,4,Романтичный кулон-пазл,"https://sun9-58.vkuserphoto.ru/s/v1/ig2/5W1BF5k5vLUbxAXOghe1Oail3oY_MjtVUsBj6DKE--_MXntWLDT91IXVacZZVmlECwKzk8RtabLbjYLa3ZaqfINo.jpg?quality=95&as=32x32,48x48,72x72,108x108,160x160,240x240,360x360,480x480,540x540,640x640,720x720,1080x1081,1280x1281,1440x1441,1949x1950&from=bu&u=fqWC4umH5HapCqaposUa8V-5YWl-QhCWOeVSU7lywKU&cs=540x0",true
20,2026-09-17 18:08:48.404272+00,30007,Два кулона Единство из эпоксидной смолы,5500.00,4,Парные кулоны Единство,"https://sun9-2.vkuserphoto.ru/s/v1/ig2/Pg1VVIL5UgF9WHMv6tmXnOTAdX5rSlo7LSeqF8diH0hu9hbov8JCotAMRjuZDI4mCnmnqnEfTC8d5fXwdsyH62ZV.jpg?quality=95&as=32x32,48x48,72x72,108x108,160x160,240x240,360x360,480x480,540x540,640x640,720x720,1080x1079,1280x1279,1440x1439,1805x1804&from=bu&u=fa4nvVlVp7GA-cgoq77jlv6JMevbFqAk6hG342gfxik&cs=540x0",true
21,2026-09-17 18:08:48.404272+00,30008,Кулон Сосна из эпоксидной смолы,2000.00,4,Кулон с сосной внутри,"https://sun9-71.vkuserphoto.ru/s/v1/ig2/0_JsRxg4y8d2I6SYrZ7rwKcTDhCA4XmQDgseoU8mBdj6ONXyDwfTQZNVt9gPFL9yCvFYWSUqnqzXuQ47Yq6VdECu.jpg?quality=95&as=32x32,48x48,72x72,108x108,160x160,240x240,360x360,480x480,540x540,640x640,720x720,1080x1079,1280x1279,1440x1439,2080x2079&from=bu&u=mi3_VfbMCgIQfTcfgO2MRvczHROzFaW2Y8fsUIJo2a0&cs=540x0",true
22,2026-09-17 18:08:48.404272+00,30009,Кулон Лети лепесток из эпоксидной смолы,1000.00,4,Кулон с лепестками цветов,"https://sun9-42.vkuserphoto.ru/s/v1/ig2/ZxtItyu-X3FpHCX_ffe_CuZoHhkhJmB8u4nnrD7rEMlrF0-SPhAZdTVm5crOWbwAdaxIc6tzInpqUdzJwxzSwFFn.jpg?quality=95&as=32x32,48x48,72x72,108x108,160x160,240x240,360x359,480x479,540x539,640x639,720x719,1080x1078,1280x1278,1440x1437,2080x2076&from=bu&u=p0tlqCmnXH2B77qOoPnoca21Vk7slJm2uHfpwgHdBl4&cs=540x0",true
23,2026-09-17 18:08:48.404272+00,30010,Кулон Мраморный из эпоксидной смолы,2000.00,4,Кулон с мраморным эффектом,"https://sun9-17.vkuserphoto.ru/s/v1/ig2/9xCGxguSdUY8c7Bf8MSXeqfpt07yAFPOQ14_frSTRmkP2xDxnxEDQiHBvzMjIDjrl8njudyJ3txMDtui3bn3XA1X.jpg?quality=95&as=32x32,48x48,72x72,108x108,160x160,240x240,360x359,480x479,540x539,640x639,720x719,1080x1078,1280x1278,1440x1437,2080x2076&from=bu&u=NQ4Mt44A8Vjp48z1JgPRq6hwQpx8RRXwNHBLkc1nyZs&cs=540x0",true
24,2026-09-17 18:08:48.404272+00,30011,Кулон Соцветие из эпоксидной смолы,2000.00,4,Кулон с соцветием,"https://sun9-24.vkuserphoto.ru/s/v1/ig2/xeQKQ9HK1yfaPMr6qFx06X7ZkM1ly5bsYusYQn-Bgg1kqe-a2dmvl15IdJXQIy5WQtb8cw1ao2fu70G1wogpgiar.jpg?quality=95&as=32x32,48x48,72x72,108x108,160x160,240x240,360x360,480x480,540x539,640x639,720x719,1080x1079,1280x1279,1440x1439,2080x2078&from=bu&u=0ejOx_dzLPilbKj-iU6MmHkBA_iaqwrWeD1z088H4Hs&cs=540x0",true
25,2026-09-17 18:08:48.404272+00,30012,Кулон Одуванчик из эпоксидной смолы,2000.00,4,Кулон с одуванчиком,"https://sun9-58.vkuserphoto.ru/s/v1/ig2/NW1O2vW8oKIpmYmwZ-F7ySfvoVO7S5wDqrLyoi38luFKZYLNwLMbQ3VmTVIImfHFkXUbBI4_cKX6sSk2QzChiS-Z.jpg?quality=95&as=32x32,48x48,72x72,108x108,160x160,240x240,360x359,480x479,540x539,640x639,720x719,1080x1078,1280x1278,1440x1437,2080x2076&from=bu&u=VXy00QRdEDiPXu-bkEtkazsSxg-2rXFmGVD0mwpfBCo&cs=540x0",true
26,2026-09-17 18:08:48.404272+00,30013,Кулон Капля цветка из эпоксидной смолы,750.00,4,Кулон в форме капли с цветком,"https://sun9-42.vkuserphoto.ru/s/v1/ig2/ASEmNEolW9xETqeHlJRQiZ9NNj2tU8XrdDo47y3_unXBO66EosLGelQuoW_OjXlZkh0n71mYIuf-XezHblawVZ47.jpg?quality=95&as=32x32,48x48,72x72,108x108,160x160,240x240,360x360,480x480,540x540,640x640,720x720,1080x1080,1280x1280,1440x1440,1790x1790&from=bu&u=_xoZhIUlSYavZ_ywf189T1o-7NXIhc6ck6aZ3WW-n14&cs=540x0",true
27,2026-09-17 18:08:48.404272+00,30014,Кулон Лолипоп из эпоксидной смолы,5000.00,4,Кулон в стиле леденца,"https://sun9-1.vkuserphoto.ru/s/v1/ig2/B14rDmffZmIT7qfwzCNuxQpjkUH204qyeahKJVp87VDYeBvj5ghIoBIQJohnUBFme6ZGpk1-6oQCk1NXINj4oXnM.jpg?quality=95&as=32x32,48x48,72x72,108x108,160x160,240x240,360x361,480x481,540x541,640x641,720x721,1080x1082,1280x1282,1440x1443,2076x2080&from=bu&u=H9mXZInGl-gWU4n2aCp5xhrDzoDSbEhAHv4dDXJgvtk&cs=540x0",true
28,2026-09-17 18:08:48.404272+00,30015,Кулон Лунный свет из эпоксидной смолы,800.00,4,Кулон с лунным сиянием,"https://sun9-28.vkuserphoto.ru/s/v1/ig2/EvETp-rXwQQ0pcOxfAP76ypR5sUkls6gQK74O1LNhxvBktuCGO5K40XijBw1VXF_qQcVK2CgQDaA7_Syass6N5_c.jpg?quality=95&as=32x32,48x48,72x72,108x108,160x160,240x239,360x359,480x479,540x538,640x638,720x718,1080x1077,1280x1276,1440x1436,2080x2074&from=bu&u=NCen5IZtEZ0FWF-o0y9kU3qD4yQjipFZlHt5dVzMiO8&cs=540x0",true
29,2026-09-17 18:08:48.404272+00,30016,Кулон Снежный след из эпоксидной смолы,800.00,4,Кулон со снежным узором,"https://sun9-66.vkuserphoto.ru/s/v1/ig2/K8-D7o9yEgDG2YP0LLmpA5AkO5qyIZ4ntlIpTsjMxj1BuaL1Aln8QF8wKamyyRPfUQeyfwGQuKMqQ7yBQ9zFk-GZ.jpg?quality=95&as=32x32,48x48,72x72,108x108,160x160,240x240,360x359,480x479,540x539,640x639,720x719,1080x1078,1280x1278,1440x1437,2080x2076&from=bu&u=PhRMPUb3lo_fVEaG73D2N77XNmWu_1OJ7R6Fi4pbX8g&cs=540x0",true
30,2026-09-17 18:08:48.404272+00,30017,Кулон Золотая половинка из эпоксидной смолы,4000.00,4,Парный кулон с золотом,"https://sun9-42.vkuserphoto.ru/s/v1/ig2/fMjrBgLvtCaiNT0lM8tkEeomgXsJZx-7r54yBR2yHCj4zJwrglT_r74SjVcvcwCs-LUNLxHAU-UGzKcqpdxAqdfl.jpg?quality=95&as=32x32,48x48,72x72,108x108,160x159,240x239,360x359,480x478,540x538,640x638,720x718,1080x1076,1280x1276,1440x1435,1834x1828&from=bu&u=7HkejeSXRm8_KbTChROBZcqQ9fa6UF1QH_BTOgYRNt4&cs=540x0",true
31,2026-09-17 18:08:48.404272+00,30018,Кулон Натяжение из эпоксидной смолы,2000.00,4,Кулон с эффектом натяжения,"https://sun9-52.vkuserphoto.ru/s/v1/ig2/fR73XIJOzLzJu8y6sBIYQw2dYKzWyR_ZJgEtfU8EMUSUkLnQu0XzYjuZbkP17JWIeoEeYfi8n-fsYnQjPpZr4uaF.jpg?quality=95&as=32x32,48x48,72x72,108x108,160x160,240x240,360x359,480x479,540x539,640x639,720x719,1080x1078,1280x1278,1440x1437,2080x2076&from=bu&u=UypCQdIQy84O0TUjVth4UpP-xf6tYYm4dhSy06Rc9mE&cs=540x0",true
32,2026-09-17 18:08:48.404272+00,30019,Кулон Песчаная дюна из эпоксидной смолы,3000.00,4,Кулон с песочным узором,"https://sun9-11.vkuserphoto.ru/s/v1/ig2/h26vaHReg7_1AHFGqYRoXkHfbBF59TVFrTYcbEznFSY725yiPbfjaBqXUFRJxduktdFnORyz_g1idNLncqNDBSJL.jpg?quality=95&as=32x32,48x48,72x72,108x108,160x160,240x240,360x359,480x479,540x539,640x639,720x719,1080x1078,1280x1278,1440x1437,2080x2076&from=bu&u=j3S9QobLgebcHxtuHrGpEAPbf5aU_ZFOGLaSt--Eyes&cs=540x0",true
33,2026-09-17 18:08:48.404272+00,30020,Кулон Живое сердце из эпоксидной смолы,2000.00,4,Кулон в форме сердца,"https://sun9-21.vkuserphoto.ru/s/v1/ig2/MeLmEqptuteJstu9HCM9PJzzOlLJ6UWYx3o9KPrEkkYsHuJfig7VzPe9zPxZ8DCh7k9CklX-7iMnJfwAppAZ_4vd.jpg?quality=95&as=32x32,48x48,72x72,108x108,160x160,240x240,360x360,480x480,540x541,640x641,720x721,1080x1081,1280x1281,1440x1441,2078x2080&from=bu&u=6ueNcxQ3FPq3TVbViPnU42noDr1lhr_6FV6LRId4iOE&cs=540x0",true
34,2026-09-17 18:08:48.404272+00,30021,Кулон Шишковидность из эпоксидной смолы,3000.00,4,Кулон с шишкой,"https://sun9-39.vkuserphoto.ru/s/v1/ig2/-3OGt4bFZWTp2ueDmORGBw8pQC3bhd75NCTeJSfnPeEY-3hM4UR945baCNHKESJ00OPZkP-mMaBpkXy1cu0T58vE.jpg?quality=95&as=32x32,48x48,72x72,108x108,160x160,240x240,360x360,480x480,540x541,640x641,720x721,1080x1081,1280x1281,1440x1441,2078x2080&from=bu&u=SUxM9OBNSz5lz2dq8Zp3hsYBgtHVd347cYExL3wgucM&cs=540x0",true
35,2026-09-17 18:08:48.404272+00,30022,Кулон Сапфировый из эпоксидной смолы,2000.00,4,Кулон сапфирового цвета,"https://sun9-18.vkuserphoto.ru/s/v1/ig2/VBCrBfz_SRqy6MQaqKhp3PQ5y59iRj13hWLeyCwhTi-2zM5DXfA5OBRNIoeedSHWaLuxXfz1xuxNtlvnx--_5lFW.jpg?quality=95&as=32x32,48x48,72x72,108x108,160x160,240x240,360x361,480x481,540x541,640x641,720x721,1080x1082,1280x1282,1440x1443,2076x2080&from=bu&u=fFggnCJyUF5HDPzvzUe8t9io7BTze6rfcyKhP7yX6uQ&cs=540x0",true
36,2026-09-17 18:08:48.404272+00,30023,Кулон Линия из эпоксидной смолы,1000.00,4,Кулон с линиями,"https://sun9-19.vkuserphoto.ru/s/v1/ig2/T2AUW-iqy5XVi_rRBxm1f6siGyFdD6VAjj9_OcK3YAMJN5g6vbuCqI6ec6myenXEbpwjMrvG4tV3OGJGJQN5A_Zm.jpg?quality=95&as=32x32,48x48,72x72,108x108,160x160,240x240,360x359,480x479,540x539,640x639,720x719,1080x1078,1280x1278,1440x1437,2080x2076&from=bu&u=-fDp_8pdktaGWl-skU9UdXaOM-Rkp6TY8S51GnjB6-w&cs=540x0",true
37,2026-09-17 18:08:48.404272+00,30024,Королевский пурпур из эпоксидной смолы,3000.00,4,Кулон пурпурного цвета,"https://sun9-81.vkuserphoto.ru/s/v1/ig2/G7JSHgNeSximMQN5th_gHxb2-h9jJv6UAXA_WS68A4xOB9paLvCyfq1vYtq5HR0CS9pIkRj0mXG1pD1Y6y7OJkKR.jpg?quality=95&as=32x32,48x48,72x72,108x108,160x160,240x240,360x360,480x480,540x540,640x640,720x720,1080x1080&from=bu&u=xmyJe0yfzFqMZ2hstPf8uxLvUE6nGPGdTFlsLaiqWdE&cs=540x0",true
38,2026-09-17 18:08:48.404272+00,30025,Тень из эпоксидной смолы,3000.00,4,Кулон с теневым эффектом,"https://sun9-11.vkuserphoto.ru/s/v1/ig2/-EUqWAyK8-KXu4cJpnpBsjDnKTfuO9_GvrYsd01NKNgAhN2-M4n8NTZbxLLSVpBS8-yBcE3ClVR1JR3nm0kmMiq1.jpg?quality=95&as=32x32,48x48,72x72,108x108,160x160,240x240,360x360,480x480,540x540,640x640,720x720,1080x1080&from=bu&u=cqcHllg_0RnzUqdySYtjqSxWstecCCD6RfDX0ICnPuQ&cs=540x0",true
39,2026-09-17 18:08:48.404272+00,30026,Всячина из эпоксидной смолы,500.00,4,Разнообразный кулон,"https://sun9-78.vkuserphoto.ru/s/v1/ig2/mAAf7TCl5_5jhKjWHxo3rwU4yUBIuYgJGJWCe0KPPSdRivWY8qNkv_16ipo4FqKxloZUNuWameOekPe88xBwczw7.jpg?quality=95&as=32x32,48x48,72x72,108x108,160x160,240x240,360x360,480x480,540x540,640x640,720x720,1080x1080&from=bu&u=dSVqLbsK81HqOeTIWY8e-Gisnz_u5_Mj2hqSvMXmsPI&cs=540x0",true
40,2026-09-17 18:08:48.404272+00,30027,Собака-недоумевака в эпоксидной смоле,1000.00,4,Кулон с забавной собакой,"https://sun9-48.vkuserphoto.ru/s/v1/ig2/NW6Woy4sKbtOHLYWgPuwsRVCLX-2z7GSm86XVsfyvyYqZK3YY_CWs0ieaOjQviiBVl63gooLZujWzx2ji_b8KVXn.jpg?quality=95&as=32x32,48x48,72x72,108x108,160x160,240x240,360x360,480x480,540x540,640x640,720x720,1080x1080&from=bu&u=taawcb90qWFdhMC-f_e74nhfCasLBjlXza6egYRh8R8&cs=540x0",true
41,2026-09-17 18:08:48.404272+00,30028,Кулон Аквариум из эпоксидной смолы,1000.00,4,Кулон с эффектом аквариума,"https://sun9-12.vkuserphoto.ru/s/v1/ig2/-j2TrP-dd6CUmYzN_QVCnLbd08-JXBctnrjYWro01vh4kpO8ivyyFzwnEko-50mR3YhQ9zqdW4BMDlTf3UQTgbG5.jpg?quality=95&as=32x32,48x48,72x72,108x108,160x160,240x240,360x360,480x480,540x540,640x640,720x720,1080x1080&from=bu&u=_EYjxKEbSD69O4zFo-Rir4rCUHDtsdxiRFXT0cx_zYg&cs=540x0",true
42,2026-09-17 18:08:48.404272+00,30029,Кулон Легкий бриз из эпоксидной смолы,2000.00,4,Воздушный кулон,"https://sun9-48.vkuserphoto.ru/s/v1/ig2/PyvrqyFNErnz3gNIneLE5MzDDJ3mSJWCDh3xgxtlWrgdIrQD78u7VKjrBirNKbNhZ2blRsCHzdS6YndyO6M11lSK.jpg?quality=95&as=32x32,48x48,72x72,108x108,160x160,240x240,360x360,480x480,540x540,640x640,720x720,1080x1080&from=bu&u=RjNfKrXbP3WCN8UchN2l4P6co6Itqa6hxAlNPn5qSIM&cs=540x0",true
43,2026-09-17 18:08:48.404272+00,30030,Ровный овал из эпоксидной смолы,2000.00,4,Овальный кулон,"https://sun9-37.vkuserphoto.ru/s/v1/ig2/-VLNMehdVqd148yg--iwfdPXp6MrgEvLfFT3_YH3oWHEObov3F8XHNu114jKhrel_7EoXluiK5g_uAm8kzThK9C6.jpg?quality=95&as=32x32,48x48,72x72,108x108,160x160,240x240,360x360,480x480,540x540,640x640,720x720,1080x1080&from=bu&u=kLfjLtcT_FjIxcdexqoUa65EdEkduLEtu4oqEF_VlvA&cs=540x0",true
44,2026-09-17 18:08:48.404272+00,30031,Кулон Имитация,4000.00,4,Кулон с имитацией,"https://sun9-83.vkuserphoto.ru/s/v1/ig2/iW7keZQpkz-Tc7BOm3v3Lwl7wDWVQe1OXqW6KJTPoJV9F-SM62d0rqCL3Z8TAyASHVLJs5TgfJ3VfKr9wRDA6aXl.jpg?quality=95&as=32x32,48x48,72x72,108x108,160x160,240x240,360x360,480x480,540x540,640x640,720x720,1080x1080,1280x1280,1440x1440,1837x1837&from=bu&u=9ZgA2JmHTkIMWgcZy5cpjmVbvZk1exFROrkZc-UmShg&cs=540x0",true
45,2026-09-17 18:08:48.404272+00,30032,Невероятно красивый шар из эпоксидной смолы,5000.00,4,Шарообразный кулон,"https://sun9-49.vkuserphoto.ru/s/v1/ig2/-op0jdCEkkZEL4XE5CRUUHuAOywYojzoEOs31sVNLU3omVfF5EbIadCTE8PFflkTAV_uB1TdpkhL5Rrjk9-ddC6R.jpg?quality=95&as=32x14,48x21,72x32,108x48,160x72,240x107,360x161,480x215,540x242,640x286,720x322,1080x483,1280x572,1440x644,2560x1145&from=bu&u=tQmwgGHSOukT8kVdpDqJoOs4kwZ4kVF-Rhf6KWcRZc8&cs=1280x0",true
46,2026-09-17 18:08:48.404272+00,40001,Кольцо Моя прелесть из эпоксидной смолы,2000.00,5,Кольцо в стиле Властелина Колец,"https://sun9-2.vkuserphoto.ru/s/v1/ig2/LIQyDLkEnr7i_UQ4CCmg8SCT91HOwBmSBUM5wJMEbRFo0kzkJy0y1Fsx6Fh0IKrNKewWjVacDMPI6HTD5CnH5qhq.jpg?quality=95&as=32x32,48x48,72x72,108x108,160x160,240x240,360x360,480x480,540x541,640x641,720x721,1080x1081,1280x1281,1440x1441,2078x2080&from=bu&u=jeU2YH9urijgJIMH5Iez5Ih9B_pDnI1r4v2R2dQlffw&cs=1280x0",true
47,2026-09-17 18:08:48.404272+00,40002,Кольцо Млеко из эпоксидной смолы,1500.00,5,Кольцо молочного цвета,"https://sun9-84.vkuserphoto.ru/s/v1/ig2/0wnW2phlxh11PT4nz-LmXIre5yqVfTVsVweEiuN9lDiADaRIIxURkADWKwzTA6MPm3W2dQI-mbz576w5L36EIWBl.jpg?quality=95&as=32x32,48x48,72x72,108x108,160x160,240x241,360x361,480x481,540x541,640x642,720x722,1080x1083,1280x1283,1440x1443,2075x2080&from=bu&u=L2gg3WzMJxQXC6Idk6P3dia46sOBElyWE3ZKBZRzvuE&cs=1280x0",true
48,2026-09-17 18:08:48.404272+00,40003,Кольцо Неон из эпоксидной смолы,1500.00,5,Неоновое кольцо,"https://sun9-30.vkuserphoto.ru/s/v1/ig2/AYY5JQA0Z7fN6Y_UqYy_6sge32Q97Mi5lj1Tx0snBSVVeq5ff4zY1OC5Vt4MnTVrcnUrTqk-2QPbcTtmDa-NpIfs.jpg?quality=95&as=32x32,48x48,72x72,108x108,160x160,240x241,360x361,480x481,540x541,640x642,720x722,1080x1083,1280x1283,1440x1443,2075x2080&from=bu&u=eFoSbtUQb9F-6KrDH16QbyiKz6Ah9ao35HLgK8e0ho0&cs=1280x0",true
49,2026-09-17 18:08:48.404272+00,40004,Кольцо Ночное небо из эпоксидной смолы,1500.00,5,Кольцо с эффектом ночного неба,"https://sun9-28.vkuserphoto.ru/s/v1/ig2/_1n4Qs782byYnb7qQYXtwejI-hxIMOrspFlFxPsWIfqIwDz1JL5eknYvobvStAUkliZEGUtIi_XbMfS1uMrCRBqf.jpg?quality=95&as=32x32,48x48,72x72,108x108,160x160,240x240,360x360,480x480,540x540,640x640,720x720,1080x1080&from=bu&u=3XFNA92IQWXzBNxeZx60r8xFFcyeQYG842bnT9tDtXQ&cs=1080x0",true
50,2026-09-17 18:08:48.404272+00,31001,Молочные коты N1,2000.00,4,Фигурка молочного кота N1,"https://sun9-34.vkuserphoto.ru/s/v1/ig2/mACLVNPjaY51e9YKveHvGKWohUOet8plZDdXRnOOWt5eFR5Q82TgkimVDpNXNljzX1akdHlMsbXZ6pYRHJtL-W11.jpg?quality=95&as=32x32,48x48,72x72,108x108,160x160,240x240,360x360,480x480,540x540,640x640,720x720,1080x1080&from=bu&u=IYVov8NkgM4nlJSKfB54EnTaj7S5WE2KzEcahKo0Ax0&cs=540x0",true
51,2026-09-17 18:08:48.404272+00,31002,Молочные коты N2,2000.00,4,Фигурка молочного кота N2,"https://sun9-78.vkuserphoto.ru/s/v1/ig2/FLBZdh6JD3G6hvzHiSZ6dhakCOCgWcTJHp6MmewBH8W6uJor75h2Dfk_0sSB5DPxvpmzdXWHNt4vITFbWjCfcelX.jpg?quality=95&as=32x32,48x48,72x72,108x108,160x160,240x240,360x360,480x480,540x540,640x640,720x720,1080x1080&from=bu&u=aOFc4RDB3OTI4CGp3qUNwG55rrhT1o4cTesdgr-S9_E&cs=540x0",true
52,2026-09-17 18:08:48.404272+00,31003,Молочные коты N3,2000.00,4,Фигурка молочного кота N3,"https://sun9-33.vkuserphoto.ru/s/v1/ig2/3WA4yS8NcfBpk6GIgHwlkM306fknhWcHs4ry72Vo3DL45PO6zqCwh2aeF_bzeW22m68QEjIyA0WcOKEZ473wMggl.jpg?quality=95&as=32x32,48x48,72x72,108x108,160x160,240x240,360x360,480x480,540x540,640x640,720x720,1080x1080&from=bu&u=6QiI37u8zLCjR3UbVdHqoezjtfmgJe3OXzS0J93k4Lg&cs=540x0",true
53,2026-09-17 18:08:48.404272+00,31004,Молочные коты N4,2000.00,4,Фигурка молочного кота N4,"https://sun9-7.vkuserphoto.ru/s/v1/ig2/aO8o1Rzmse0sqDmni3xqDox_rD8rOBXSvyHnf_xBKCfYhtICDcLTYch7UlmMRXNKVSQYkq59etThdlnPVNEdh5Vv.jpg?quality=95&as=32x32,48x48,72x72,108x108,160x160,240x240,360x360,480x480,540x540,640x640,720x720,1080x1080&from=bu&u=iqcmjSYnmVoOzNfKEvff8yEziiAxM7aEC4BDkDML5P4&cs=540x0",true
54,2026-09-17 18:08:48.404272+00,31005,Молочные коты N5,2000.00,4,Фигурка молочного кота N5,"https://sun9-40.vkuserphoto.ru/s/v1/ig2/9svxliSmqr1XMzjpNq9ezZYABYJQ9BxlTP4PiW3EkMJq6ujhjCODrc8oYE9bkFFXPbPvb2QdKRtRiT0XnP_wbUKl.jpg?quality=95&as=32x32,48x48,72x72,108x108,160x160,240x240,360x360,480x480,540x540,640x640,720x720,1080x1080&from=bu&u=pGpLAbRjn6mtFLn318w0ZeDeNYG3NgZmWtJdUTeiNZA&cs=540x0",true
55,2026-09-17 18:08:48.404272+00,31006,Кастомный котик,4000.00,4,Кастомная фигурка котика,"https://sun9-83.vkuserphoto.ru/s/v1/ig2/yZcQpw3mpGhEZwJv-uXFyszSWs9OecEDpWyT1OdpfltFpMxZMBYj_VYGwd3lCkoYbt6VkUmQTvHvVMKgIBjR2o0w.jpg?quality=95&as=32x32,48x48,72x72,108x108,160x160,240x240,360x360,480x480,540x540,640x640,720x720,1080x1081,1280x1281,1440x1441,1664x1665&from=bu&u=4khzcyyx-ZmPbA3Qgz61z5HH2Rkw9KAMIZXW_6jmgAk&cs=540x0",true
56,2026-09-17 18:08:48.404272+00,31007,Бронзовые коты N6,2000.00,4,Фигурка бронзового кота N6,"https://sun9-49.vkuserphoto.ru/s/v1/ig2/pNKWDQfzjDidKrFfKtG3F-pphfjv-9WFjSUViYh2fVvsYOyeOKN4Do2_hPH6ORbjdfBtZFj8BGUMykY43iALU-Rv.jpg?quality=95&as=32x32,48x48,72x72,108x108,160x160,240x240,360x360,480x480,540x540,640x640,720x720,1080x1080&from=bu&u=P3FWgwQVkB5Bi--y3Cp-J36sptvajnhhLOvBMbOPXKc&cs=540x0",true
57,2026-09-17 18:08:48.404272+00,31008,Бронзовые коты N2,2000.00,4,Фигурка бронзового кота N2,"https://sun9-8.vkuserphoto.ru/s/v1/ig2/73iAdM8BX3Vf3vcU2y-hn8NZPB5FeVEuPyDHsLOOxdT31OJHkMrrQpdOMKu9IlpAr1aFdEtUdbEQ09Pt5Jg0FKOG.jpg?quality=95&as=32x32,48x48,72x72,108x108,160x160,240x240,360x360,480x480,540x540,640x640,720x720,1080x1080&from=bu&u=n14HTY2kF9WN1DNBZZxNIczRYdx5X2Jz4GkC6ZNVzDU&cs=540x0",true
58,2026-09-17 18:08:48.404272+00,31009,Серые коты N1,2000.00,4,Фигурка серого кота N1,"https://sun9-46.vkuserphoto.ru/s/v1/ig2/UqdjlSskg-FKQU3B3_ar5Fd9422LGDA_htF9-gaKHGsNDRhnrQQRGhePlk1mUzH2PLcvCx36pXVUm2J87-t-VTtM.jpg?quality=95&as=32x32,48x48,72x72,108x108,160x160,240x240,360x360,480x480,540x540,640x640,720x720,1080x1080&from=bu&u=-Dev0F8eQQLEXfvUKE5MyV2K60W9gauNqpAULL_2_gE&cs=540x0",true
59,2026-09-17 18:08:48.404272+00,31010,Серые коты N3,2000.00,4,Фигурка серого кота N3,"https://sun9-87.vkuserphoto.ru/s/v1/ig2/YBRUw-Z6TSnHgqYzTD4YV_jItivn9Ogo8zHNQWZaJ8cR0lrsPIS7FY4HmA7iEEFphcf4CCseDtafcKJV9cnBzVXa.jpg?quality=95&as=32x32,48x48,72x72,108x108,160x160,240x240,360x360,480x480,540x540,640x640,720x720,1080x1080&from=bu&u=yqiHGTqlAvYo3HSGOcO1IjQns9Uu_O36zKQg5dA5WHE&cs=540x0",true
60,2026-09-17 18:08:48.404272+00,31011,Серые коты N4,2000.00,4,Фигурка серого кота N4,"https://sun9-29.vkuserphoto.ru/s/v1/ig2/jOnsZVfL23yuQ9ra4zxyFb9CS3OK1Z0fcjOJNyUc0eLvamw5MqZPUUyQuJvyHA9h2FteAFQl6NZq6Y8yxUgR_KkN.jpg?quality=95&as=32x32,48x48,72x72,108x108,160x160,240x240,360x360,480x480,540x540,640x640,720x720,1080x1080&from=bu&u=OlqwYJ6UYWceJonFATlcbX6EtnoEW-hGdCmf9l5Dr6s&cs=540x0",true
61,2026-09-17 18:08:48.404272+00,31012,Серые коты N5,2000.00,4,Фигурка серого кота N5,"https://sun9-75.vkuserphoto.ru/s/v1/ig2/J7f0x4pfgmj8RGte6nvnJJtuuB9_SpBXResXk1litGTkiOZYAVwEqke6I8lyC4ajJ5zZ73BaDPdoyVySl1sS6CFM.jpg?quality=95&as=32x32,48x48,72x72,108x108,160x160,240x240,360x360,480x480,540x540,640x640,720x720,1080x1080&from=bu&u=rrySioQGtEkATQswkq4QNQeV1HMtrb__3CSMtlcSwlM&cs=1080x0",true
62,2026-09-17 18:08:48.404272+00,31013,Денежная кошка N6,4000.00,4,Фигурка денежной кошки,"https://sun9-7.vkuserphoto.ru/s/v1/ig2/qHI_DIP9FxS_74QlSRoBT5P8WC_32ztXYoU1ily5jjq3FUnEtTAX2i_QeX3YeWxQcM9GXAjS6gTlnxcO0IgOkYy6.jpg?quality=95&as=32x16,48x24,72x36,108x54,160x80,240x120,360x180,480x240,540x270,640x320,720x360,1080x540,1280x640,1440x720,2560x1280&from=bu&u=AMVDu3Mgy2YwFQsqdnGLOHYicvNCYT5fCKw6e2oXHs0&cs=1080x0",true
63,2026-09-17 18:08:48.404272+00,31014,Морская кошка N6,4000.00,4,Фигурка морской кошки,"https://sun9-5.vkuserphoto.ru/s/v1/ig2/_KUwDSdvghY59qVDtFOc28XM8Qgm7RI_gRZDnAdUirZzBc3Ct3XPI2al9muNgZzf1iogTwOYiAw23toi9Z43LQ8d.jpg?quality=95&as=32x32,48x48,72x72,108x108,160x160,240x240,360x360,480x480,540x540,640x640,720x720,1080x1080,1280x1280,1440x1440,1834x1834&from=bu&u=YOwv0vgWCyxVxInwhw3-vShi8khmyFbXHp6llH0TI1M&cs=540x0",true
64,2026-09-17 18:08:48.404272+00,31015,Цветочные коты N6,5000.00,4,Фигурка кота с цветами,"https://sun9-5.vkuserphoto.ru/s/v1/ig2/RDPi-mqTmew7ER6ZaVMdgQ9TqWEH1I--k11sfbns6A2ggSOMv340VkB-MqxIzpyIiUeGgJAb5EozAf70J6riVigH.jpg?quality=95&as=32x32,48x48,72x72,108x108,160x160,240x240,360x360,480x480,540x540,640x640,720x720,1080x1080,1280x1280,1440x1440,1837x1837&from=bu&u=df1BtKWuj2oYEVRmxU7VcMYMjVUU3kzpkLuvH13WG3M&cs=540x0",true
65,2026-09-17 18:08:48.404272+00,31016,Серые коты N6,2000.00,4,Фигурка серого кота N6,"https://sun9-60.vkuserphoto.ru/s/v1/ig2/QLxydjO6de5ainnWJo6ryOjBsrEOPUJENm-7JDeWzUJ-_9BTbFZprlXmGq6xa1lOPd7vk9yqUiioIc-n3qisEstE.jpg?quality=95&as=32x32,48x48,72x72,108x108,160x160,240x240,360x360,480x480,540x540,640x640,720x720,1080x1080,1280x1280,1440x1440,1834x1834&from=bu&u=DGjVMdQqZU8dwMAHWyaaBVwe7i05e0se5_Ab7tSiVq8&cs=540x0",true
96,2026-09-17 18:08:48.404272+00,50001,Кровавый лед из эпоксидной смолы,500.00,4,Кулон с эффектом кровавого льда,"https://sun9-12.vkuserphoto.ru/s/v1/ig2/BsdtTN_g8aH9mdp8LULwqy7i26XJTVfvB3V06Gynw31Au4tXmP1qElRTbfsEi48NmgXftADpN2jLDZuJvO9K447r.jpg?quality=95&as=32x32,48x48,72x72,108x108,160x160,240x240,360x360,480x480,540x540,640x641,720x721,1080x1081&from=bu&u=Y9a2aGistq07M55DzgdNN2DjXIV4rB3cNfps-m2PIsk&cs=540x0",true
97,2026-09-17 18:08:48.404272+00,60001,Драконовы кубы с кровью и пеплом,12000.00,6,Набор кубиков с драконьей тематикой,"https://sun9-66.vkuserphoto.ru/s/v1/ig2/Mb6hhGieZ77PGGdm7meDMhGaQwG8MbZCDU1g95UaZ_hdnWjyNoyx3ieeMlIqep5r_Qx0_JAloiDOwrIvc-8sRRL7.jpg?quality=95&as=32x14,48x22,72x32,108x49,160x72,240x108,360x162,480x216,540x243,640x287,720x323,1080x485,1280x575,1440x647,2560x1150&from=bu&u=-hulhvVg0CnHoMmxpr62ajvNYyBZBuk8KnahDZwsLno&cs=1280x0",true
98,2026-09-17 18:08:48.404272+00,60002,Цветочный к6,1500.00,6,Шестигранный кубик с цветами,"https://sun9-81.vkuserphoto.ru/s/v1/ig2/4oiWWHxQAkHXiVDOHiVUroL1WTWXiyvChKJvFJYoX_8ehvx2nCff1cH0seyel7dI1KABiH6vTKNQ8ctSPaOJgJ9H.jpg?quality=95&as=32x32,48x48,72x72,108x108,160x160,240x240,360x360,480x480,540x540,640x640,720x720,1080x1080,1280x1280,1440x1440,1837x1837&from=bu&u=X_nEtCKysebzQkVPlHZsw-FJfIYGk34F-CTBzyLS9jw&cs=540x0",true
99,2026-09-17 18:08:48.404272+00,01001,Шахматный набор из эпоксидной смолы,50000.00,7,Полный шахматный набор ручной работы,"https://sun9-52.vkuserphoto.ru/s/v1/ig2/TBLfuZcH61GUr3wq_IVH991VXgoaMGAbvdPE6tU7vxB3sVs8jbL4Yss1Lrfd3r_YltVuoQZyYdmEkt9aeTATcj6u.jpg?quality=95&as=32x72,48x107,72x161,108x241,160x358,240x537,360x805,480x1073,540x1207,640x1431,720x1610,1080x2415,1145x2560&from=bu&u=MR1z_qugXKLxD1embpdNUetU7-EO_CmzptYBOj98KMU&cs=540x0",true