article,name,price,category_id,description,image_url,is_active
00097,Руны хамелеоны - два цвета - 27 шт.,9500.00,1,Набор из 27 рун с эффектом хамелеона,"https://sun9-88.vkuserphoto.ru/s/v1/ig2/8VfT_0DxBr5TEdFdhCdxoHWBCAslcGth6usAXHubM7SWqekk2ySc9-KnG06TzKayITiyGTZg6r-VzLN3gUSShDkG.jpg?quality=95&as=32x14,48x22,72x32,108x49,160x72,240x108,360x162,480x216,540x243,640x287,720x323,1080x485,1280x575,1440x647,2560x1150&from=bu&u=YIVTkwb74yH7uctrBcqITCpTvXuY5eCr2ZZNOS0wLhY&cs=1280x0",true
00098,Руны карамельки - Серый+Красный - 27 шт.,8000.00,1,Набор из 27 рун в карамельных цветах,"https://sun9-16.vkuserphoto.ru/s/v1/ig2/V84HYQ9l07w2Mx3ik3fMgv2b5AHBdjDFPXErRwW2ll1RohM7q8SVSuwm_g8julS09Rw5O4HjKb6axiIvTcwu7R2F.jpg?quality=95&as=32x14,48x22,72x32,108x49,160x72,240x108,360x162,480x216,540x243,640x287,720x323,1080x485,1280x575,1440x647,2560x1150&from=bu&cs=1280x0",true
00099,Руны Споры грибов - 27 шт.,10000.00,1,Набор из 27 рун с дизайном споры грибов,"https://sun9-10.vkuserphoto.ru/s/v1/ig2/bcN4LKqk7IqmHcwhNRdpOptb8ZFsTOpp21vxP-i0r8uUIB95ATFCabhjDVratTo_6Vkm19pRyJ-vfVsYcQLs1Q5C.jpg?quality=95&as=32x14,48x22,72x32,108x49,160x72,240x108,360x162,480x216,540x243,640x287,720x323,1080x485,1280x575,1440x647,2560x1150&from=bu&cs=2560x0",true
01001,Шахматный набор из эпоксидной смолы,50000.00,7,Полный шахматный набор ручной работы,"https://sun9-52.vkuserphoto.ru/s/v1/ig2/TBLfuZcH61GUr3wq_IVH991VXgoaMGAbvdPE6tU7vxB3sVs8jbL4Yss1Lrfd3r_YltVuoQZyYdmEkt9aeTATcj6u.jpg?quality=95&as=32x72,48x107,72x161,108x241,160x358,240x537,360x805,480x1073,540x1207,640x1431,720x1610,1080x2415,1145x2560&from=bu&u=MR1z_qugXKLxD1embpdNUetU7-EO_CmzptYBOj98KMU&cs=540x0",true
10000,Фетровый брелок с минималистичным дизайном,700.00,2,Минималистичный фетровый брелок,"https://sun9-1.vkuserphoto.ru/s/v1/ig2/KhNcrQvDkma_yglKo4qntjFVnrVmEXniVcif1dirCaB74Sz6fdxA8NXsfUFLU7m8QQUUqI2Yv_qjBRDXU8uJ4M0O.jpg?quality=95&as=32x64,48x96,72x144,108x216,160x320,240x480,360x720,480x960,540x1080,640x1280,720x1440,1080x2160&from=bu&u=XsPpOgIXpw6hvLqZ81DPolIE5VveOLJuA-IADCThf2M&cs=1080x0",true
10001,Фетровый брелок Twenty One Pilots,700.00,2,Брелок в стиле Twenty One Pilots,"https://sun9-55.vkuserphoto.ru/s/v1/ig2/wVTRYOFiOLQ6fSZ_lEy2zqHhpRD3dadFNZOs7QF1IqRhV4i5vK-caQEt8nXjXxzTojyZftlTDa_TYro_NusgVP6l.jpg?quality=95&as=32x32,48x48,72x72,108x108,160x160,240x239,360x359,480x479,540x539,640x638,720x718,1080x1077,1280x1277,1440x1437,2080x2075&from=bu&u=y-3LjhWPjfhUVymHqXRuG-MW38Eugogs4Ygfc-AdVUM&cs=1280x0",true
10002,Лягушонок - Фетровый брелок,700.00,2,Милый фетровый брелок лягушонок,"https://sun9-35.vkuserphoto.ru/s/v1/ig2/bViXKwyV_WKLiyZG10MBCBYZSXbTUGYaucwGHtbasxEy-Bbz6nBbxXHKscNwM-P2m2vDOa2RevVx1MmHuS1v0V52.jpg?quality=95&as=32x32,48x48,72x72,108x108,160x160,240x240,360x359,480x479,540x539,640x639,720x719,1080x1078,1280x1278,1440x1437,2080x2076&from=bu&u=lSttwmmApLWEutmNrPEmaHPUHHlwwA0oFZHo1RTSfgI&cs=540x0",true
10003,I ❤ U - Фетровый брелок,700.00,2,Фетровый брелок с сердечком,"https://sun9-20.vkuserphoto.ru/s/v1/ig2/nG0uQ3890m6w2dPyOaOMqWkPCwv5bTtoLx3VrNgxKF00dUWE3mj70mK3MTMz9afKKhnyJtP2YqMbfZtJDE4gtuOY.jpg?quality=95&as=32x32,48x48,72x72,108x108,160x160,240x240,360x360,480x480,540x539,640x639,720x719,1080x1079,1280x1279,1440x1439,2080x2078&from=bu&u=6H1fjuD_34fJ1GEqI6IZMVggdg0zQB86w9VKYjEfHCQ&cs=540x0",true
10004,Котенок? - Фетровый брелок,700.00,2,Фетровый брелок котенок,"https://sun9-77.vkuserphoto.ru/s/v1/ig2/5jQ7fYO_1IGAoXYmgoy7s-y7pzJN_WDEUbX6gRjUj0byz5e_eWTVXtaebJHdzOyy6HiIEgpGcsbHzcwEv9jkCKuC.jpg?quality=95&as=32x32,48x48,72x72,108x108,160x160,240x240,360x359,480x479,540x539,640x639,720x719,1080x1078,1280x1278,1440x1437,2080x2076&from=bu&u=D9aGleRAz-Z026Ah0ocElkLwPxoGrSh2NNraCPArAqM&cs=540x0",true
10005,Небесное око - Фетровый брелок,700.00,2,Мистический фетровый брелок,"https://sun9-57.vkuserphoto.ru/s/v1/ig2/SJGZ0Kkw_FMCX5uVfUAOtTBNWziUrbXnEJQzzjBXD7QxyfNI27sZ8fCBuJ8X0OMg5ku-srBsnH8TQzJgAMJbVsbv.jpg?quality=95&as=32x32,48x48,72x72,108x108,160x160,240x239,360x359,480x479,540x539,640x638,720x718,1080x1077,1280x1277,1440x1437,2080x2075&from=bu&u=jLlPRVZ4THXvm0FL9Pv1r_f7rTzOqhPRstIoR4cQxcM&cs=540x0",true
10006,Восход в горах - Фетровый брелок,700.00,2,Пейзажный фетровый брелок,"https://sun9-31.vkuserphoto.ru/s/v1/ig2/6DsbPgXBh0HQGAuqj5rtgoXI-_Y-FtVBPr0GhkVp1amLjbCom100d6Zf0GGlJ9O_UtVP_uZZSApX7mT1uHVZ8_e3.jpg?quality=95&as=32x64,48x96,72x144,108x216,160x320,240x480,360x720,480x960,540x1080,640x1280,720x1440,1080x2160&from=bu&u=61WtFJtcCrI7szYi1hJTo0TVmmxNs4tvLmOYIcxZT7A&cs=540x0",true
10007,Медитация - Фетровый брелок,700.00,2,Фетровый брелок для медитации,"https://sun9-80.vkuserphoto.ru/s/v1/ig2/T2qDwQcUzrmMAug2eUzMSwB8d3NRwFfgF5UVybhMi2O8oxelQcCfdelUEYE55RhbUY_b7hFeC99rPajciHj4kT1_.jpg?quality=95&as=32x32,48x48,72x72,108x108,160x160,240x240,360x360,480x480,540x540,640x640,720x720,1080x1079,1280x1279,1440x1439,2080x2079&from=bu&u=EQlmEkMtZMcWXt6UMHqLDk6wSw0kIHYLkjO4Lo2GqG4&cs=540x0",true
20001,Фетровый человечек,2500.00,3,Человечек из фетра ручной работы,"https://sun9-9.vkuserphoto.ru/s/v1/ig2/lUleNmE55tMd9hrjstMuDdkLsE5MtPtMGGd8QoY0M8SDUiOwNsFpQ7LrK3YvLr7Ir9rxS3cUDuNbfKXrcUmI61Ir.jpg?quality=95&as=32x32,48x48,72x72,108x108,160x160,240x240,360x360,480x480,540x540,640x640,720x720,1040x1040&from=bu&u=z6XYUkne2qgbdql3k06c6mx6skY9VoMm0d-psKxhdnE&cs=540x0",true
20002,Фетровая кукла с одеждой в комплекте,5000.00,3,Кукла из фетра с комплектом одежды,"https://sun9-82.vkuserphoto.ru/s/v1/ig2/WKWfSZvUcqXPiyWVEYJruARPSgJdDWshJxq8dVMDR1MEBNXOkMkGdsjnb8PoT-H7zAKnteXzJ4yGP_Jf1rfyiYQ4.jpg?quality=95&as=32x43,48x65,72x97,108x145,160x215,240x323,360x484,480x646,540x726,640x861,720x968,1080x1453,1280x1722,1440x1937,1840x2475&from=bu&u=FNneQdn7A1CKHy1UWjOjRnugymqX5yHTFSFDWM9u-pQ&cs=540x0",true
30001,Кулон Чистое сияние из эпоксидной смолы,800.00,4,Прозрачный сияющий кулон,,true
30002,Кулон Пятицветие из эпоксидной смолы,1800.00,4,Пятицветный кулон,,true
30003,Кулоны Взгляд сверху вниз из эпоксидной смолы,1000.00,4,Кулон с абстрактным дизайном,,true
30004,Кулон Золотая монета из эпоксидной смолы,500.00,4,Кулон с золотой монетой,,true
30005,Кулон Тропический жираф из эпоксидной смолы,1000.00,4,Кулон с тропическим жирафом,,true
30006,Кулон Ты мой пазл из эпоксидной смолы,500.00,4,Романтичный кулон-пазл,,true
30007,Два кулона Единство из эпоксидной смолы,5500.00,4,Парные кулоны Единство,,true
30008,Кулон Сосна из эпоксидной смолы,2000.00,4,Кулон с сосной внутри,,true
30009,Кулон Лети лепесток из эпоксидной смолы,1000.00,4,Кулон с лепестками цветов,,true
30010,Кулон Мраморный из эпоксидной смолы,2000.00,4,Кулон с мраморным эффектом,,true
30011,Кулон Соцветие из эпоксидной смолы,2000.00,4,Кулон с соцветием,,true
30012,Кулон Одуванчик из эпоксидной смолы,2000.00,4,Кулон с одуванчиком,,true
30013,Кулон Капля цветка из эпоксидной смолы,750.00,4,Кулон в форме капли с цветком,,true
30014,Кулон Лолипоп из эпоксидной смолы,5000.00,4,Кулон в стиле леденца,,true
30015,Кулон Лунный свет из эпоксидной смолы,800.00,4,Кулон с лунным сиянием,,true
30016,Кулон Снежный след из эпоксидной смолы,800.00,4,Кулон со снежным узором,,true
30017,Кулон Золотая половинка из эпоксидной смолы,4000.00,4,Парный кулон с золотом,,true
30018,Кулон Натяжение из эпоксидной смолы,2000.00,4,Кулон с эффектом натяжения,,true
30019,Кулон Песчаная дюна из эпоксидной смолы,3000.00,4,Кулон с песочным узором,,true
30020,Кулон Живое сердце из эпоксидной смолы,2000.00,4,Кулон в форме сердца,,true
30021,Кулон Шишковидность из эпоксидной смолы,3000.00,4,Кулон с шишкой,,true
30022,Кулон Сапфировый из эпоксидной смолы,2000.00,4,Кулон сапфирового цвета,,true
30023,Кулон Линия из эпоксидной смолы,1000.00,4,Кулон с линиями,,true
30024,Королевский пурпур из эпоксидной смолы,3000.00,4,Кулон пурпурного цвета,,true
30025,Тень из эпоксидной смолы,3000.00,4,Кулон с теневым эффектом,,true
30026,Всячина из эпоксидной смолы,500.00,4,Разнообразный кулон,,true
30027,Собака-недоумевака в эпоксидной смоле,1000.00,4,Кулон с забавной собакой,,true
30028,Кулон Аквариум из эпоксидной смолы,1000.00,4,Кулон с эффектом аквариума,,true
30029,Кулон Легкий бриз из эпоксидной смолы,2000.00,4,Воздушный кулон,,true
30030,Ровный овал из эпоксидной смолы,2000.00,4,Овальный кулон,,true
30031,Кулон Имитация,4000.00,4,Кулон с имитацией,,true
30032,Невероятно красивый шар из эпоксидной смолы,5000.00,4,Шарообразный кулон,,true
31001,Молочные коты N1,2000.00,4,Фигурка молочного кота N1,"https://sun9-34.vkuserphoto.ru/s/v1/ig2/mACLVNPjaY51e9YKveHvGKWohUOet8plZDdXRnOOWt5eFR5Q82TgkimVDpNXNljzX1akdHlMsbXZ6pYRHJtL-W11.jpg?quality=95&as=32x32,48x48,72x72,108x108,160x160,240x240,360x360,480x480,540x540,640x640,720x720,1080x1080&from=bu&u=IYVov8NkgM4nlJSKfB54EnTaj7S5WE2KzEcahKo0Ax0&cs=540x0",true
31002,Молочные коты N2,2000.00,4,Фигурка молочного кота N2,"https://sun9-78.vkuserphoto.ru/s/v1/ig2/FLBZdh6JD3G6hvzHiSZ6dhakCOCgWcTJHp6MmewBH8W6uJor75h2Dfk_0sSB5DPxvpmzdXWHNt4vITFbWjCfcelX.jpg?quality=95&as=32x32,48x48,72x72,108x108,160x160,240x240,360x360,480x480,540x540,640x640,720x720,1080x1080&from=bu&u=aOFc4RDB3OTI4CGp3qUNwG55rrhT1o4cTesdgr-S9_E&cs=540x0",true
31003,Молочные коты N3,2000.00,4,Фигурка молочного кота N3,"https://sun9-33.vkuserphoto.ru/s/v1/ig2/3WA4yS8NcfBpk6GIgHwlkM306fknhWcHs4ry72Vo3DL45PO6zqCwh2aeF_bzeW22m68QEjIyA0WcOKEZ473wMggl.jpg?quality=95&as=32x32,48x48,72x72,108x108,160x160,240x240,360x360,480x480,540x540,640x640,720x720,1080x1080&from=bu&u=6QiI37u8zLCjR3UbVdHqoezjtfmgJe3OXzS0J93k4Lg&cs=540x0",true
31004,Молочные коты N4,2000.00,4,Фигурка молочного кота N4,"https://sun9-7.vkuserphoto.ru/s/v1/ig2/aO8o1Rzmse0sqDmni3xqDox_rD8rOBXSvyHnf_xBKCfYhtICDcLTYch7UlmMRXNKVSQYkq59etThdlnPVNEdh5Vv.jpg?quality=95&as=32x32,48x48,72x72,108x108,160x160,240x240,360x360,480x480,540x540,640x640,720x720,1080x1080&from=bu&u=iqcmjSYnmVoOzNfKEvff8yEziiAxM7aEC4BDkDML5P4&cs=540x0",true
31005,Молочные коты N5,2000.00,4,Фигурка молочного кота N5,"https://sun9-40.vkuserphoto.ru/s/v1/ig2/9svxliSmqr1XMzjpNq9ezZYABYJQ9BxlTP4PiW3EkMJq6ujhjCODrc8oYE9bkFFXPbPvb2QdKRtRiT0XnP_wbUKl.jpg?quality=95&as=32x32,48x48,72x72,108x108,160x160,240x240,360x360,480x480,540x540,640x640,720x720,1080x1080&from=bu&u=pGpLAbRjn6mtFLn318w0ZeDeNYG3NgZmWtJdUTeiNZA&cs=540x0",true
31006,Кастомный котик,4000.00,4,Кастомная фигурка котика,"https://sun9-83.vkuserphoto.ru/s/v1/ig2/yZcQpw3mpGhEZwJv-uXFyszSWs9OecEDpWyT1OdpfltFpMxZMBYj_VYGwd3lCkoYbt6VkUmQTvHvVMKgIBjR2o0w.jpg?quality=95&as=32x32,48x48,72x72,108x108,160x160,240x240,360x360,480x480,540x540,640x640,720x720,1080x1081,1280x1281,1440x1441,1664x1665&from=bu&u=4khzcyyx-ZmPbA3Qgz61z5HH2Rkw9KAMIZXW_6jmgAk&cs=540x0",true
31007,Бронзовые коты N6,2000.00,4,Фигурка бронзового кота N6,"https://sun9-49.vkuserphoto.ru/s/v1/ig2/pNKWDQfzjDidKrFfKtG3F-pphfjv-9WFjSUViYh2fVvsYOyeOKN4Do2_hPH6ORbjdfBtZFj8BGUMykY43iALU-Rv.jpg?quality=95&as=32x32,48x48,72x72,108x108,160x160,240x240,360x360,480x480,540x540,640x640,720x720,1080x1080&from=bu&u=P3FWgwQVkB5Bi--y3Cp-J36sptvajnhhLOvBMbOPXKc&cs=540x0",true
31008,Бронзовые коты N2,2000.00,4,Фигурка бронзового кота N2,"https://sun9-8.vkuserphoto.ru/s/v1/ig2/73iAdM8BX3Vf3vcU2y-hn8NZPB5FeVEuPyDHsLOOxdT31OJHkMrrQpdOMKu9IlpAr1aFdEtUdbEQ09Pt5Jg0FKOG.jpg?quality=95&as=32x32,48x48,72x72,108x108,160x160,240x240,360x360,480x480,540x540,640x640,720x720,1080x1080&from=bu&u=n14HTY2kF9WN1DNBZZxNIczRYdx5X2Jz4GkC6ZNVzDU&cs=540x0",true
31009,Серые коты N1,2000.00,4,Фигурка серого кота N1,"https://sun9-46.vkuserphoto.ru/s/v1/ig2/UqdjlSskg-FKQU3B3_ar5Fd9422LGDA_htF9-gaKHGsNDRhnrQQRGhePlk1mUzH2PLcvCx36pXVUm2J87-t-VTtM.jpg?quality=95&as=32x32,48x48,72x72,108x108,160x160,240x240,360x360,480x480,540x540,640x640,720x720,1080x1080&from=bu&u=-Dev0F8eQQLEXfvUKE5MyV2K60W9gauNqpAULL_2_gE&cs=540x0",true
31010,Серые коты N3,2000.00,4,Фигурка серого кота N3,"https://sun9-87.vkuserphoto.ru/s/v1/ig2/YBRUw-Z6TSnHgqYzTD4YV_jItivn9Ogo8zHNQWZaJ8cR0lrsPIS7FY4HmA7iEEFphcf4CCseDtafcKJV9cnBzVXa.jpg?quality=95&as=32x32,48x48,72x72,108x108,160x160,240x240,360x360,480x480,540x540,640x640,720x720,1080x1080&from=bu&u=yqiHGTqlAvYo3HSGOcO1IjQns9Uu_O36zKQg5dA5WHE&cs=540x0",true
31011,Серые коты N4,2000.00,4,Фигурка серого кота N4,"https://sun9-29.vkuserphoto.ru/s/v1/ig2/jOnsZVfL23yuQ9ra4zxyFb9CS3OK1Z0fcjOJNyUc0eLvamw5MqZPUUyQuJvyHA9h2FteAFQl6NZq6Y8yxUgR_KkN.jpg?quality=95&as=32x32,48x48,72x72,108x108,160x160,240x240,360x360,480x480,540x540,640x640,720x720,1080x1080&from=bu&u=OlqwYJ6UYWceJonFATlcbX6EtnoEW-hGdCmf9l5Dr6s&cs=540x0",true
31012,Серые коты N5,2000.00,4,Фигурка серого кота N5,"https://sun9-75.vkuserphoto.ru/s/v1/ig2/J7f0x4pfgmj8RGte6nvnJJtuuB9_SpBXResXk1litGTkiOZYAVwEqke6I8lyC4ajJ5zZ73BaDPdoyVySl1sS6CFM.jpg?quality=95&as=32x32,48x48,72x72,108x108,160x160,240x240,360x360,480x480,540x540,640x640,720x720,1080x1080&from=bu&u=rrySioQGtEkATQswkq4QNQeV1HMtrb__3CSMtlcSwlM&cs=1080x0",true
31013,Денежная кошка N6,4000.00,4,Фигурка денежной кошки,"https://sun9-7.vkuserphoto.ru/s/v1/ig2/qHI_DIP9FxS_74QlSRoBT5P8WC_32ztXYoU1ily5jjq3FUnEtTAX2i_QeX3YeWxQcM9GXAjS6gTlnxcO0IgOkYy6.jpg?quality=95&as=32x16,48x24,72x36,108x54,160x80,240x120,360x180,480x240,540x270,640x320,720x360,1080x540,1280x640,1440x720,2560x1280&from=bu&u=AMVDu3Mgy2YwFQsqdnGLOHYicvNCYT5fCKw6e2oXHs0&cs=1080x0",true
31014,Морская кошка N6,4000.00,4,Фигурка морской кошки,"https://sun9-5.vkuserphoto.ru/s/v1/ig2/_KUwDSdvghY59qVDtFOc28XM8Qgm7RI_gRZDnAdUirZzBc3Ct3XPI2al9muNgZzf1iogTwOYiAw23toi9Z43LQ8d.jpg?quality=95&as=32x32,48x48,72x72,108x108,160x160,240x240,360x360,480x480,540x540,640x640,720x720,1080x1080,1280x1280,1440x1440,1834x1834&from=bu&u=YOwv0vgWCyxVxInwhw3-vShi8khmyFbXHp6llH0TI1M&cs=540x0",true
31015,Цветочные коты N6,5000.00,4,Фигурка кота с цветами,"https://sun9-5.vkuserphoto.ru/s/v1/ig2/RDPi-mqTmew7ER6ZaVMdgQ9TqWEH1I--k11sfbns6A2ggSOMv340VkB-MqxIzpyIiUeGgJAb5EozAf70J6riVigH.jpg?quality=95&as=32x32,48x48,72x72,108x108,160x160,240x240,360x360,480x480,540x540,640x640,720x720,1080x1080,1280x1280,1440x1440,1837x1837&from=bu&u=df1BtKWuj2oYEVRmxU7VcMYMjVUU3kzpkLuvH13WG3M&cs=540x0",true
31016,Серые коты N6,2000.00,4,Фигурка серого кота N6,"https://sun9-60.vkuserphoto.ru/s/v1/ig2/QLxydjO6de5ainnWJo6ryOjBsrEOPUJENm-7JDeWzUJ-_9BTbFZprlXmGq6xa1lOPd7vk9yqUiioIc-n3qisEstE.jpg?quality=95&as=32x32,48x48,72x72,108x108,160x160,240x240,360x360,480x480,540x540,640x640,720x720,1080x1080,1280x1280,1440x1440,1834x1834&from=bu&u=DGjVMdQqZU8dwMAHWyaaBVwe7i05e0se5_Ab7tSiVq8&cs=540x0",true
40001,Кольцо Моя прелесть из эпоксидной смолы,2000.00,5,Кольцо в стиле Властелина Колец,"https://sun9-2.vkuserphoto.ru/s/v1/ig2/LIQyDLkEnr7i_UQ4CCmg8SCT91HOwBmSBUM5wJMEbRFo0kzkJy0y1Fsx6Fh0IKrNKewWjVacDMPI6HTD5CnH5qhq.jpg?quality=95&as=32x32,48x48,72x72,108x108,160x160,240x240,360x360,480x480,540x541,640x641,720x721,1080x1081,1280x1281,1440x1441,2078x2080&from=bu&u=jeU2YH9urijgJIMH5Iez5Ih9B_pDnI1r4v2R2dQlffw&cs=1280x0",true
40002,Кольцо Млеко из эпоксидной смолы,1500.00,5,Кольцо молочного цвета,"https://sun9-84.vkuserphoto.ru/s/v1/ig2/0wnW2phlxh11PT4nz-LmXIre5yqVfTVsVweEiuN9lDiADaRIIxURkADWKwzTA6MPm3W2dQI-mbz576w5L36EIWBl.jpg?quality=95&as=32x32,48x48,72x72,108x108,160x160,240x241,360x361,480x481,540x541,640x642,720x722,1080x1083,1280x1283,1440x1443,2075x2080&from=bu&u=L2gg3WzMJxQXC6Idk6P3dia46sOBElyWE3ZKBZRzvuE&cs=1280x0",true
40003,Кольцо Неон из эпоксидной смолы,1500.00,5,Неоновое кольцо,"https://sun9-30.vkuserphoto.ru/s/v1/ig2/AYY5JQA0Z7fN6Y_UqYy_6sge32Q97Mi5lj1Tx0snBSVVeq5ff4zY1OC5Vt4MnTVrcnUrTqk-2QPbcTtmDa-NpIfs.jpg?quality=95&as=32x32,48x48,72x72,108x108,160x160,240x241,360x361,480x481,540x541,640x642,720x722,1080x1083,1280x1283,1440x1443,2075x2080&from=bu&u=eFoSbtUQb9F-6KrDH16QbyiKz6Ah9ao35HLgK8e0ho0&cs=1280x0",true
40004,Кольцо Ночное небо из эпоксидной смолы,1500.00,5,Кольцо с эффектом ночного неба,"https://sun9-28.vkuserphoto.ru/s/v1/ig2/_1n4Qs782byYnb7qQYXtwejI-hxIMOrspFlFxPsWIfqIwDz1JL5eknYvobvStAUkliZEGUtIi_XbMfS1uMrCRBqf.jpg?quality=95&as=32x32,48x48,72x72,108x108,160x160,240x240,360x360,480x480,540x540,640x640,720x720,1080x1080&from=bu&u=3XFNA92IQWXzBNxeZx60r8xFFcyeQYG842bnT9tDtXQ&cs=1080x0",true
50001,Кровавый лед из эпоксидной смолы,500.00,4,Кулон с эффектом кровавого льда,"https://sun9-12.vkuserphoto.ru/s/v1/ig2/BsdtTN_g8aH9mdp8LULwqy7i26XJTVfvB3V06Gynw31Au4tXmP1qElRTbfsEi48NmgXftADpN2jLDZuJvO9K447r.jpg?quality=95&as=32x32,48x48,72x72,108x108,160x160,240x240,360x360,480x480,540x540,640x641,720x721,1080x1081&from=bu&u=Y9a2aGistq07M55DzgdNN2DjXIV4rB3cNfps-m2PIsk&cs=540x0",true
60001,Драконовы кубы с кровью и пеплом,12000.00,6,Набор кубиков с драконьей тематикой,"https://sun9-66.vkuserphoto.ru/s/v1/ig2/Mb6hhGieZ77PGGdm7meDMhGaQwG8MbZCDU1g95UaZ_hdnWjyNoyx3ieeMlIqep5r_Qx0_JAloiDOwrIvc-8sRRL7.jpg?quality=95&as=32x14,48x22,72x32,108x49,160x72,240x108,360x162,480x216,540x243,640x287,720x323,1080x485,1280x575,1440x647,2560x1150&from=bu&u=-hulhvVg0CnHoMmxpr62ajvNYyBZBuk8KnahDZwsLno&cs=1280x0",true
60002,Цветочный к6,1500.00,6,Шестигранный кубик с цветами,"https://sun9-81.vkuserphoto.ru/s/v1/ig2/4oiWWHxQAkHXiVDOHiVUroL1WTWXiyvChKJvFJYoX_8ehvx2nCff1cH0seyel7dI1KABiH6vTKNQ8ctSPaOJgJ9H.jpg?quality=95&as=32x32,48x48,72x72,108x108,160x160,240x240,360x360,480x480,540x540,640x640,720x720,1080x1080,1280x1280,1440x1440,1837x1837&from=bu&u=X_nEtCKysebzQkVPlHZsw-FJfIYGk34F-CTBzyLS9jw&cs=540x0",true
