id,key,value,description,updated_at
1,brand.name,PaprekolyX,Название бренда в шапке и подвале,2026-09-17 21:39:53.448726+00
2,brand.tagline,эпоксидная смола и фетр,Короткая подпись под названием бренда,2026-09-17 21:39:53.448726+00
3,brand.logo_url,,Ссылка на картинку логотипа. Пусто — рисуется буква P в круге,2026-09-17 21:39:53.448726+00
4,hero.badge,"Ручная работа · Россия, Москва",Плашка над заголовком первого экрана,2026-09-17 22:06:47.282326+00
5,hero.subtitle,"Украшения, аксессуары и предметы интерьера из эпоксидной смолы и фетра. Каждое изделие делаем вручную в одном экземпляре — точных повторов не бывает.",Описание под заголовком первого экрана,2026-09-17 21:39:53.448726+00
6,hero.cta_catalog,Смотреть коллекцию,Текст основной кнопки первого экрана,2026-09-17 21:39:53.448726+00
7,hero.cta_vk,Написать в VK,Текст синей кнопки первого экрана,2026-09-17 21:39:53.448726+00
8,hero.card_label,Используемые материалы,Подпись в плашке поверх промо-фото,2026-09-17 22:06:47.282326+00
9,hero.card_text,"Эпоксидная смола, сухоцветы, фетр",Текст в плашке поверх промо-фото,2026-09-17 21:39:53.448726+00
10,hero.image_url,,Промо-картинка вверху сайта. Пусто — показывается заглушка,2026-09-17 21:39:53.448726+00
11,about.lead,"Украшения, брелоки и аксессуары из эпоксидной смолы и фетра. Мы специально не выгоняем из смолы каждый пузырёк воздуха и не ищем два одинаковых оттенка — именно они делают изделие узнаваемым.",Вводный абзац блока «О мастерской»,2026-09-17 21:39:53.448726+00
12,about.feature1_title,Неповторимость,Заголовок первого преимущества,2026-09-17 21:39:53.448726+00
13,about.feature1_text,"Смола застывает по своим правилам: пигмент расходится неравномерно, сухоцветы ложатся под собственным весом. Повторить узор второй раз не получится даже у нас — поэтому каждое изделие существует в одном экземпляре.",Текст первого преимущества,2026-09-17 21:39:53.448726+00
14,about.feature2_title,Индивидуальность,Заголовок второго преимущества,2026-09-17 21:39:53.448726+00
15,about.feature2_text,"Цвет, форма и наполнение — на ваш выбор. Опишите, что хотите получить: подберём пигменты и вставки, согласуем эскиз и рассчитаем стоимость.",Текст второго преимущества,2026-09-17 21:39:53.448726+00
16,about.cta,Написать в сообщения сообщества,Текст синей кнопки в блоке «О мастерской»,2026-09-17 21:39:53.448726+00
17,about.image_url,"https://sun9-44.vkuserphoto.ru/s/v1/ig2/i58zrS5IJSgoSSh0aFaBJBg2cEVXlKViI19YNhZ0fh0Z-we59NosTAg9u3nDRhTMIzkMwCyWHAkKRD4qmKN1eQNg.jpg?quality=95&as=32x32,48x48,72x72,108x108,160x160,240x240,360x361,480x481,540x541,640x641,720x721,1080x1082,1280x1282,1440x1442,2013x2016&from=bu&cs=1280x0",Фото мастерской. Пусто — показывается заглушка,2026-09-17 22:06:47.282326+00
18,order.howto_subtitle,Форма на сайте или сообщение в ВК,Подпись под заголовком «Как сделать заказ?»,2026-09-17 21:39:53.448726+00
19,order.howto_intro,Заказать можно двумя способами:,Первая строка внутри «Как сделать заказ?»,2026-09-17 21:39:53.448726+00
20,order.howto_item1,"через форму на сайте — добавьте изделия в корзину, нажмите «Оформить заказ» и заполните короткую форму: заказ сохранится, и мастер свяжется с вами;",Первый пункт списка,2026-09-17 21:39:53.448726+00
21,order.howto_item2,"в сообщениях сообщества — напишите в ВКонтакте, если хотите обсудить кастомное изделие или задать вопрос.",Второй пункт списка,2026-09-17 21:39:53.448726+00
22,order.howto_outro,"Детали, оплату и доставку в обоих случаях подтверждаем в переписке.",Заключительная строка,2026-09-17 21:39:53.448726+00
23,order.payment_subtitle,"VK Pay, перевод на карту, СБП",Подпись под заголовком «Оплата»,2026-09-17 21:39:53.448726+00
24,order.prepayment_text,"На кастомные изделия — те, что делаем по вашему описанию, — действует предоплата 40%. Она не возвращается: к этому моменту материал уже закуплен, а работа начата.",Текст предупреждения о предоплате,2026-09-17 21:39:53.448726+00
25,order.pickup_place,"г. Москва, м. Ховрино,",Самовывоз: место встречи,2026-09-17 22:06:47.282326+00
26,order.pickup_price,бесплатно,Самовывоз: цена (выделена розовым),2026-09-17 21:39:53.448726+00
27,order.metro_price,300 ₽,Цена доставки по Москве до станции метро,2026-09-17 21:39:53.448726+00
28,order.metro_mkd,+200 ₽,Доплата за пересадку на МЦК или МЦД,2026-09-17 21:39:53.448726+00
29,contacts.vk_label,PaprekolyX,Подпись в карточке ВКонтакте,2026-09-17 21:39:53.448726+00
30,contacts.vk_url,https://vk.ru/paprekolyx,Ссылка на сообщество,2026-09-17 21:39:53.448726+00
31,contacts.email,Albert23NO@ya.ru,E-mail в карточке контактов и в подвале,2026-09-17 21:39:53.448726+00
32,contacts.email_href,mailto:Albert23NO@ya.ru,Ссылка для клика по e-mail. Должна совпадать с показанным адресом,2026-09-17 21:39:53.448726+00
33,contacts.phone_display,+7 (925) 052-19-27,Телефон как он показан на сайте,2026-09-17 22:06:47.282326+00
34,contacts.phone_href,tel:+79250521927,"Номер, который набирается при клике. Должен совпадать с показанным!",2026-09-17 22:06:47.282326+00
35,footer.about,"Авторская мастерская: украшения, аксессуары и предметы интерьера из эпоксидной смолы и фетра. Каждое изделие — в одном экземпляре.",Описание мастерской в подвале,2026-09-17 21:39:53.448726+00
36,footer.version,v 1.8.0 · 18.09.2026,Версия документов в подвале,2026-09-19 13:23:50.109443+00
37,footer.copyright,© 2026 PaprekolyX. Все изделия авторские. Все права защищены.,Строка копирайта,2026-09-17 21:39:53.448726+00
38,legal.privacy_url,,Ссылка на политику обработки персональных данных. Пусто — сайт показывает текст без ссылки,2026-09-17 23:21:55.443061+00
39,legal.privacy_label,Политика обработки персональных данных,Название документа о персональных данных,2026-09-17 23:21:55.443061+00
40,brand.logo_description,Круглая эмблема с градиентом от розового к фиолетовому. Буква «P» в центре — символ бренда.,Описание логотипа в брендбуке. Меняйте вместе с самим логотипом,2026-09-17 23:21:55.443061+00